{
    "Ar36": {
        "error": 0.00015757986128245847, 
        "filter_outliers_dict": {
            "filter_outliers": true, 
            "iterations": 1, 
            "std_devs": 2
        }, 
        "fit": "Parabolic", 
        "value": 0.0034109965046204014
    }, 
    "Ar37": {
        "error": 0.0049159625784428, 
        "filter_outliers_dict": {
            "filter_outliers": true, 
            "iterations": 1, 
            "std_devs": 2
        }, 
        "fit": "linear", 
        "value": 0.029517638762585275
    }, 
    "Ar38": {
        "error": 0.002219155683416775, 
        "filter_outliers_dict": {
            "filter_outliers": true, 
            "iterations": 1, 
            "std_devs": 2
        }, 
        "fit": "linear", 
        "value": -0.012844050471091202
    }, 
    "Ar39": {
        "error": 0.008966445640611812, 
        "filter_outliers_dict": {
            "filter_outliers": true, 
            "iterations": 1, 
            "std_devs": 2
        }, 
        "fit": "Parabolic", 
        "value": -0.06342200125633196
    }, 
    "Ar40": {
        "error": 0.023054698516349965, 
        "filter_outliers_dict": {
            "filter_outliers": true, 
            "iterations": 1, 
            "std_devs": 2
        }, 
        "fit": "Parabolic", 
        "value": -0.5400051102983313
    }, 
    "PM41": {
        "error": 0.06371478441734146, 
        "filter_outliers_dict": {
            "filter_outliers": false, 
            "iterations": 1, 
            "std_devs": 2
        }, 
        "fit": "linear", 
        "value": -0.18628341182306296
    }
}