{
    "Ar36": {
        "error": 0.0001519380086928678, 
        "filter_outliers_dict": {
            "filter_outliers": true, 
            "iterations": 1, 
            "std_devs": 2
        }, 
        "fit": "Parabolic", 
        "value": 0.0033945468638636477
    }, 
    "Ar37": {
        "error": 0.005148390302870195, 
        "filter_outliers_dict": {
            "filter_outliers": true, 
            "iterations": 1, 
            "std_devs": 2
        }, 
        "fit": "linear", 
        "value": 0.02347245857933133
    }, 
    "Ar38": {
        "error": 0.002237233117716767, 
        "filter_outliers_dict": {
            "filter_outliers": true, 
            "iterations": 1, 
            "std_devs": 2
        }, 
        "fit": "linear", 
        "value": -0.024819541076800206
    }, 
    "Ar39": {
        "error": 0.00884732543884025, 
        "filter_outliers_dict": {
            "filter_outliers": true, 
            "iterations": 1, 
            "std_devs": 2
        }, 
        "fit": "Parabolic", 
        "value": -0.0469357386408979
    }, 
    "Ar40": {
        "error": 0.021386148262021735, 
        "filter_outliers_dict": {
            "filter_outliers": true, 
            "iterations": 1, 
            "std_devs": 2
        }, 
        "fit": "Parabolic", 
        "value": -0.9045817913069933
    }, 
    "PM41": {
        "error": 0.0646111352992427, 
        "filter_outliers_dict": {
            "filter_outliers": false, 
            "iterations": 1, 
            "std_devs": 2
        }, 
        "fit": "linear", 
        "value": -0.18543027448774166
    }
}