{
    "Ar36": {
        "error": 0.00021368374903404754, 
        "filter_outliers_dict": {
            "filter_outliers": true, 
            "iterations": 1, 
            "std_devs": 2
        }, 
        "fit": "Parabolic", 
        "value": 0.004685770956447923
    }, 
    "Ar37": {
        "error": 0.005036646947570801, 
        "filter_outliers_dict": {
            "filter_outliers": true, 
            "iterations": 1, 
            "std_devs": 2
        }, 
        "fit": "linear", 
        "value": 0.060469725563525735
    }, 
    "Ar38": {
        "error": 0.0021323774089001346, 
        "filter_outliers_dict": {
            "filter_outliers": true, 
            "iterations": 1, 
            "std_devs": 2
        }, 
        "fit": "linear", 
        "value": -0.03746687848547026
    }, 
    "Ar39": {
        "error": 0.008607740111100208, 
        "filter_outliers_dict": {
            "filter_outliers": true, 
            "iterations": 1, 
            "std_devs": 2
        }, 
        "fit": "Parabolic", 
        "value": -0.0579307543156328
    }, 
    "Ar40": {
        "error": 0.006956184220340833, 
        "filter_outliers_dict": {
            "filter_outliers": true, 
            "iterations": 1, 
            "std_devs": 2
        }, 
        "fit": "Parabolic", 
        "value": 0.34051806440989185
    }, 
    "Ar41": {
        "error": 0.006327355450381337, 
        "filter_outliers_dict": {
            "filter_outliers": true, 
            "iterations": 1, 
            "std_devs": 2
        }, 
        "fit": "linear", 
        "value": -0.19108986007386605
    }
}