{
    "Ar36": {
        "error": 0.0024780604110361468, 
        "filter_outliers_dict": {
            "filter_outliers": true, 
            "iterations": 1, 
            "std_devs": 2
        }, 
        "fit": "Parabolic", 
        "value": 0.009606119125527295
    }, 
    "Ar37": {
        "error": 0.02324565481800682, 
        "filter_outliers_dict": {
            "filter_outliers": true, 
            "iterations": 1, 
            "std_devs": 2
        }, 
        "fit": "linear", 
        "value": 0.054861038907284054
    }, 
    "Ar38": {
        "error": 0.012498395287670551, 
        "filter_outliers_dict": {
            "filter_outliers": true, 
            "iterations": 1, 
            "std_devs": 2
        }, 
        "fit": "linear", 
        "value": -0.01901214219838887
    }, 
    "Ar39": {
        "error": 0.09517616194782885, 
        "filter_outliers_dict": {
            "filter_outliers": true, 
            "iterations": 1, 
            "std_devs": 2
        }, 
        "fit": "Parabolic", 
        "value": 0.2316908499367211
    }, 
    "Ar40": {
        "error": 0.08869894070293927, 
        "filter_outliers_dict": {
            "filter_outliers": true, 
            "iterations": 1, 
            "std_devs": 2
        }, 
        "fit": "Parabolic", 
        "value": 2.769543728854897
    }, 
    "Ar41": {
        "error": 0.014674116520113021, 
        "filter_outliers_dict": {
            "filter_outliers": true, 
            "iterations": 1, 
            "std_devs": 2
        }, 
        "fit": "linear", 
        "value": -0.003384240865791924
    }
}