{
    "Ar36": {
        "error": 0.00023064387429540102, 
        "filter_outliers_dict": {
            "filter_outliers": true, 
            "iterations": 1, 
            "std_devs": 2
        }, 
        "fit": "Parabolic", 
        "value": 0.011380112923282264
    }, 
    "Ar37": {
        "error": 0.005420583881265878, 
        "filter_outliers_dict": {
            "filter_outliers": true, 
            "iterations": 1, 
            "std_devs": 2
        }, 
        "fit": "linear", 
        "value": 0.04332908055844939
    }, 
    "Ar38": {
        "error": 0.002465869580676033, 
        "filter_outliers_dict": {
            "filter_outliers": true, 
            "iterations": 1, 
            "std_devs": 2
        }, 
        "fit": "linear", 
        "value": -0.020070839188628557
    }, 
    "Ar39": {
        "error": 0.009249396465454193, 
        "filter_outliers_dict": {
            "filter_outliers": true, 
            "iterations": 1, 
            "std_devs": 2
        }, 
        "fit": "Parabolic", 
        "value": -0.01740431512856035
    }, 
    "Ar40": {
        "error": 0.02824900624262204, 
        "filter_outliers_dict": {
            "filter_outliers": true, 
            "iterations": 1, 
            "std_devs": 2
        }, 
        "fit": "Parabolic", 
        "value": 1.8108876461662158
    }, 
    "Ar41": {
        "error": 0.005738449355794867, 
        "filter_outliers_dict": {
            "filter_outliers": true, 
            "iterations": 1, 
            "std_devs": 2
        }, 
        "fit": "linear", 
        "value": -0.4373947703694711
    }
}