{
    "Ar36": {
        "error": 0.00030141534820201315, 
        "filter_outliers_dict": {
            "filter_outliers": true, 
            "iterations": 1, 
            "std_devs": 2
        }, 
        "fit": "Parabolic", 
        "value": 0.017771386061129567
    }, 
    "Ar37": {
        "error": 0.004921404903755039, 
        "filter_outliers_dict": {
            "filter_outliers": true, 
            "iterations": 1, 
            "std_devs": 2
        }, 
        "fit": "linear", 
        "value": 0.03878292797015723
    }, 
    "Ar38": {
        "error": 0.0024689603156566216, 
        "filter_outliers_dict": {
            "filter_outliers": true, 
            "iterations": 1, 
            "std_devs": 2
        }, 
        "fit": "linear", 
        "value": -0.028146287738225625
    }, 
    "Ar39": {
        "error": 0.008952147178843068, 
        "filter_outliers_dict": {
            "filter_outliers": true, 
            "iterations": 1, 
            "std_devs": 2
        }, 
        "fit": "Parabolic", 
        "value": -0.03994970449623132
    }, 
    "Ar40": {
        "error": 0.007827058378504555, 
        "filter_outliers_dict": {
            "filter_outliers": true, 
            "iterations": 1, 
            "std_devs": 2
        }, 
        "fit": "Parabolic", 
        "value": 4.357998339355264
    }, 
    "Ar41": {
        "error": 0.003434862954148127, 
        "filter_outliers_dict": {
            "filter_outliers": true, 
            "iterations": 1, 
            "std_devs": 2
        }, 
        "fit": "linear", 
        "value": -0.06938011638156995
    }
}