{
    "Ar36": {
        "error": 2.5902916705794794e-05, 
        "filter_outliers_dict": {
            "filter_outliers": true, 
            "iterations": 1, 
            "std_devs": 2
        }, 
        "fit": "Parabolic", 
        "value": 0.00017473318893523754
    }, 
    "Ar37": {
        "error": 0.005181235197246486, 
        "filter_outliers_dict": {
            "filter_outliers": true, 
            "iterations": 1, 
            "std_devs": 2
        }, 
        "fit": "linear", 
        "value": 0.0398364089051935
    }, 
    "Ar38": {
        "error": 0.0024134251837489196, 
        "filter_outliers_dict": {
            "filter_outliers": true, 
            "iterations": 1, 
            "std_devs": 2
        }, 
        "fit": "linear", 
        "value": -0.0182936324015883
    }, 
    "Ar39": {
        "error": 0.009348908694335219, 
        "filter_outliers_dict": {
            "filter_outliers": true, 
            "iterations": 1, 
            "std_devs": 2
        }, 
        "fit": "Parabolic", 
        "value": -0.043184693266923715
    }, 
    "Ar40": {
        "error": 0.007224343163240362, 
        "filter_outliers_dict": {
            "filter_outliers": true, 
            "iterations": 1, 
            "std_devs": 2
        }, 
        "fit": "Parabolic", 
        "value": 3.027172319809389
    }, 
    "Ar41": {
        "error": 0.003498625389297556, 
        "filter_outliers_dict": {
            "filter_outliers": true, 
            "iterations": 1, 
            "std_devs": 2
        }, 
        "fit": "linear", 
        "value": -0.07062801278794026
    }
}