{
    "Ar36": {
        "error": 0.0003095235586138425, 
        "filter_outliers_dict": {
            "filter_outliers": true, 
            "iterations": 1, 
            "std_devs": 2
        }, 
        "fit": "Parabolic", 
        "value": 0.02535980354265664
    }, 
    "Ar37": {
        "error": 0.004890464816393102, 
        "filter_outliers_dict": {
            "filter_outliers": true, 
            "iterations": 1, 
            "std_devs": 2
        }, 
        "fit": "linear", 
        "value": 0.03220946831940812
    }, 
    "Ar38": {
        "error": 0.0022393709548792825, 
        "filter_outliers_dict": {
            "filter_outliers": true, 
            "iterations": 1, 
            "std_devs": 2
        }, 
        "fit": "linear", 
        "value": 0.7507332028687451
    }, 
    "Ar39": {
        "error": 0.01334487538197336, 
        "filter_outliers_dict": {
            "filter_outliers": true, 
            "iterations": 1, 
            "std_devs": 2
        }, 
        "fit": "Parabolic", 
        "value": 59.88939157372195
    }, 
    "Ar40": {
        "error": 0.05174530880381587, 
        "filter_outliers_dict": {
            "filter_outliers": true, 
            "iterations": 1, 
            "std_devs": 2
        }, 
        "fit": "Parabolic", 
        "value": 746.7423913547395
    }, 
    "PM41": {
        "error": 0.06651182945133402, 
        "filter_outliers_dict": {
            "filter_outliers": false, 
            "iterations": 1, 
            "std_devs": 2
        }, 
        "fit": "linear", 
        "value": -0.15636972741721816
    }
}