{
    "Ar36": {
        "error": 0.00041872170126993924, 
        "filter_outliers_dict": {
            "filter_outliers": true, 
            "iterations": 1, 
            "std_devs": 2
        }, 
        "fit": "Parabolic", 
        "value": 0.04696253504912852
    }, 
    "Ar37": {
        "error": 0.005429659764099883, 
        "filter_outliers_dict": {
            "filter_outliers": true, 
            "iterations": 1, 
            "std_devs": 2
        }, 
        "fit": "linear", 
        "value": 0.03518487405619018
    }, 
    "Ar38": {
        "error": 0.0022345824698966764, 
        "filter_outliers_dict": {
            "filter_outliers": true, 
            "iterations": 1, 
            "std_devs": 2
        }, 
        "fit": "linear", 
        "value": 1.3091467345537988
    }, 
    "Ar39": {
        "error": 0.016409943882055807, 
        "filter_outliers_dict": {
            "filter_outliers": true, 
            "iterations": 1, 
            "std_devs": 2
        }, 
        "fit": "Parabolic", 
        "value": 96.75841158887067
    }, 
    "Ar40": {
        "error": 0.056602675395015664, 
        "filter_outliers_dict": {
            "filter_outliers": true, 
            "iterations": 1, 
            "std_devs": 2
        }, 
        "fit": "Parabolic", 
        "value": 1201.2253948976377
    }, 
    "Ar41": {
        "error": 0.0031657295563738597, 
        "filter_outliers_dict": {
            "filter_outliers": true, 
            "iterations": 1, 
            "std_devs": 2
        }, 
        "fit": "linear", 
        "value": 0.008618136282578133
    }
}