{
    "Ar36": {
        "error": 0.0004256257908580347, 
        "filter_outliers_dict": {
            "filter_outliers": true, 
            "iterations": 1, 
            "std_devs": 2
        }, 
        "fit": "Parabolic", 
        "value": 0.048377615047822675
    }, 
    "Ar37": {
        "error": 0.005195092983542188, 
        "filter_outliers_dict": {
            "filter_outliers": true, 
            "iterations": 1, 
            "std_devs": 2
        }, 
        "fit": "linear", 
        "value": 0.04060079742921952
    }, 
    "Ar38": {
        "error": 0.0023729771516017603, 
        "filter_outliers_dict": {
            "filter_outliers": true, 
            "iterations": 1, 
            "std_devs": 2
        }, 
        "fit": "linear", 
        "value": 1.2972875523877687
    }, 
    "Ar39": {
        "error": 0.01681822405023072, 
        "filter_outliers_dict": {
            "filter_outliers": true, 
            "iterations": 1, 
            "std_devs": 2
        }, 
        "fit": "Parabolic", 
        "value": 96.94407392964024
    }, 
    "Ar40": {
        "error": 0.047383398716795345, 
        "filter_outliers_dict": {
            "filter_outliers": true, 
            "iterations": 1, 
            "std_devs": 2
        }, 
        "fit": "Parabolic", 
        "value": 1203.2405867369837
    }, 
    "Ar41": {
        "error": 0.0034433709415728586, 
        "filter_outliers_dict": {
            "filter_outliers": true, 
            "iterations": 1, 
            "std_devs": 2
        }, 
        "fit": "linear", 
        "value": 0.03403996685278303
    }
}