{
    "Ar36": {
        "error": 0.00040440014408877365, 
        "filter_outliers_dict": {
            "filter_outliers": true, 
            "iterations": 1, 
            "std_devs": 2
        }, 
        "fit": "Linear", 
        "value": 0.028139352936843547
    }, 
    "Ar37": {
        "error": 0.011250251773522171, 
        "filter_outliers_dict": {
            "filter_outliers": true, 
            "iterations": 1, 
            "std_devs": 2
        }, 
        "fit": "linear", 
        "value": 0.02837395073435312
    }, 
    "Ar38": {
        "error": 0.004583345439958601, 
        "filter_outliers_dict": {
            "filter_outliers": true, 
            "iterations": 1, 
            "std_devs": 2
        }, 
        "fit": "linear", 
        "value": 0.8193868137469623
    }, 
    "Ar39": {
        "error": 0.0159785268382126, 
        "filter_outliers_dict": {
            "filter_outliers": true, 
            "iterations": 1, 
            "std_devs": 2
        }, 
        "fit": "Linear", 
        "value": 63.96729826268755
    }, 
    "Ar40": {
        "error": 0.04482987945407884, 
        "filter_outliers_dict": {
            "filter_outliers": true, 
            "iterations": 1, 
            "std_devs": 2
        }, 
        "fit": "Linear", 
        "value": 794.43602234723
    }, 
    "PM41": {
        "error": 0.0669195425953814, 
        "filter_outliers_dict": {
            "filter_outliers": false, 
            "iterations": 1, 
            "std_devs": 2
        }, 
        "fit": "linear", 
        "value": -0.14603925042880075
    }
}