{
    "Ar36": {
        "error": 0.0003720643019752881, 
        "filter_outliers_dict": {
            "filter_outliers": true, 
            "iterations": 1, 
            "std_devs": 2
        }, 
        "fit": "Linear", 
        "value": 0.02447980401168866
    }, 
    "Ar37": {
        "error": 0.00976880229102664, 
        "filter_outliers_dict": {
            "filter_outliers": true, 
            "iterations": 1, 
            "std_devs": 2
        }, 
        "fit": "linear", 
        "value": 0.022872354068056558
    }, 
    "Ar38": {
        "error": 0.005299412241240174, 
        "filter_outliers_dict": {
            "filter_outliers": true, 
            "iterations": 1, 
            "std_devs": 2
        }, 
        "fit": "linear", 
        "value": 0.7694425444607843
    }, 
    "Ar39": {
        "error": 0.015313112409455628, 
        "filter_outliers_dict": {
            "filter_outliers": true, 
            "iterations": 1, 
            "std_devs": 2
        }, 
        "fit": "Linear", 
        "value": 59.82525705290254
    }, 
    "Ar40": {
        "error": 0.06533652936834612, 
        "filter_outliers_dict": {
            "filter_outliers": true, 
            "iterations": 1, 
            "std_devs": 2
        }, 
        "fit": "Linear", 
        "value": 745.0516340357194
    }, 
    "PM41": {
        "error": 0.07189161902718168, 
        "filter_outliers_dict": {
            "filter_outliers": false, 
            "iterations": 1, 
            "std_devs": 2
        }, 
        "fit": "linear", 
        "value": -0.13505551232441734
    }
}