{
    "Ar36": {
        "error": 0.00035490026378652085, 
        "filter_outliers_dict": {
            "filter_outliers": true, 
            "iterations": 1, 
            "std_devs": 2
        }, 
        "fit": "Parabolic", 
        "value": 0.02572332126515358
    }, 
    "Ar37": {
        "error": 0.005271345934916563, 
        "filter_outliers_dict": {
            "filter_outliers": true, 
            "iterations": 1, 
            "std_devs": 2
        }, 
        "fit": "linear", 
        "value": 0.057890725234808656
    }, 
    "Ar38": {
        "error": 0.002086127491214476, 
        "filter_outliers_dict": {
            "filter_outliers": true, 
            "iterations": 1, 
            "std_devs": 2
        }, 
        "fit": "linear", 
        "value": 0.7058243999586411
    }, 
    "Ar39": {
        "error": 0.013796951503187858, 
        "filter_outliers_dict": {
            "filter_outliers": true, 
            "iterations": 1, 
            "std_devs": 2
        }, 
        "fit": "Parabolic", 
        "value": 57.42260167380394
    }, 
    "Ar40": {
        "error": 0.035451983044271544, 
        "filter_outliers_dict": {
            "filter_outliers": true, 
            "iterations": 1, 
            "std_devs": 2
        }, 
        "fit": "Parabolic", 
        "value": 714.5744537421006
    }, 
    "Ar41": {
        "error": 0.006103314961576615, 
        "filter_outliers_dict": {
            "filter_outliers": true, 
            "iterations": 1, 
            "std_devs": 2
        }, 
        "fit": "linear", 
        "value": -0.1527585624371654
    }
}