{
    "Ar36": {
        "error": 0.0004302161195598568, 
        "filter_outliers_dict": {
            "filter_outliers": true, 
            "iterations": 1, 
            "std_devs": 2
        }, 
        "fit": "Parabolic", 
        "value": 0.04572498121602857
    }, 
    "Ar37": {
        "error": 0.005050143006302193, 
        "filter_outliers_dict": {
            "filter_outliers": true, 
            "iterations": 1, 
            "std_devs": 2
        }, 
        "fit": "linear", 
        "value": 0.03629483060536594
    }, 
    "Ar38": {
        "error": 0.0025704648202066194, 
        "filter_outliers_dict": {
            "filter_outliers": true, 
            "iterations": 1, 
            "std_devs": 2
        }, 
        "fit": "linear", 
        "value": 1.3162205576950297
    }, 
    "Ar39": {
        "error": 0.01505763054770486, 
        "filter_outliers_dict": {
            "filter_outliers": true, 
            "iterations": 1, 
            "std_devs": 2
        }, 
        "fit": "Parabolic", 
        "value": 95.37219824459352
    }, 
    "Ar40": {
        "error": 0.04730277472856398, 
        "filter_outliers_dict": {
            "filter_outliers": true, 
            "iterations": 1, 
            "std_devs": 2
        }, 
        "fit": "Parabolic", 
        "value": 1187.9802264230066
    }, 
    "Ar41": {
        "error": 0.003218307347712162, 
        "filter_outliers_dict": {
            "filter_outliers": true, 
            "iterations": 1, 
            "std_devs": 2
        }, 
        "fit": "linear", 
        "value": -0.1661080629883458
    }
}