{
    "Ar36": {
        "error": 0.00038107505061243826, 
        "filter_outliers_dict": {
            "filter_outliers": true, 
            "iterations": 1, 
            "std_devs": 2
        }, 
        "fit": "Linear", 
        "value": 0.02434828093089206
    }, 
    "Ar37": {
        "error": 0.01003499492301874, 
        "filter_outliers_dict": {
            "filter_outliers": true, 
            "iterations": 1, 
            "std_devs": 2
        }, 
        "fit": "linear", 
        "value": 0.017372053478645455
    }, 
    "Ar38": {
        "error": 0.004851082846095157, 
        "filter_outliers_dict": {
            "filter_outliers": true, 
            "iterations": 1, 
            "std_devs": 2
        }, 
        "fit": "linear", 
        "value": 0.7626940464745379
    }, 
    "Ar39": {
        "error": 0.016868967332044273, 
        "filter_outliers_dict": {
            "filter_outliers": true, 
            "iterations": 1, 
            "std_devs": 2
        }, 
        "fit": "Linear", 
        "value": 60.06296817353006
    }, 
    "Ar40": {
        "error": 0.07108986175109978, 
        "filter_outliers_dict": {
            "filter_outliers": true, 
            "iterations": 1, 
            "std_devs": 2
        }, 
        "fit": "Linear", 
        "value": 748.9040735657097
    }, 
    "PM41": {
        "error": 0.059620825805430475, 
        "filter_outliers_dict": {
            "filter_outliers": false, 
            "iterations": 1, 
            "std_devs": 2
        }, 
        "fit": "linear", 
        "value": -0.13619539511496237
    }
}