{
    "Ar36": {
        "error": 0.00043946776860884007, 
        "filter_outliers_dict": {
            "filter_outliers": true, 
            "iterations": 1, 
            "std_devs": 2
        }, 
        "fit": "Parabolic", 
        "value": 0.04700647508605738
    }, 
    "Ar37": {
        "error": 0.005752479342448551, 
        "filter_outliers_dict": {
            "filter_outliers": true, 
            "iterations": 1, 
            "std_devs": 2
        }, 
        "fit": "linear", 
        "value": 0.11049453366817022
    }, 
    "Ar38": {
        "error": 0.0023689089922575416, 
        "filter_outliers_dict": {
            "filter_outliers": true, 
            "iterations": 1, 
            "std_devs": 2
        }, 
        "fit": "linear", 
        "value": 0.8604103123354756
    }, 
    "Ar39": {
        "error": 0.015375709790266388, 
        "filter_outliers_dict": {
            "filter_outliers": true, 
            "iterations": 1, 
            "std_devs": 2
        }, 
        "fit": "Parabolic", 
        "value": 94.55780102502115
    }, 
    "Ar40": {
        "error": 0.04577766493678313, 
        "filter_outliers_dict": {
            "filter_outliers": true, 
            "iterations": 1, 
            "std_devs": 2
        }, 
        "fit": "Parabolic", 
        "value": 1174.651396779434
    }, 
    "Ar41": {
        "error": 0.0032220498169528715, 
        "filter_outliers_dict": {
            "filter_outliers": true, 
            "iterations": 1, 
            "std_devs": 2
        }, 
        "fit": "linear", 
        "value": -0.3996031962254577
    }
}