{
    "Ar36": {
        "error": 0.0004610832783797981, 
        "filter_outliers_dict": {
            "filter_outliers": true, 
            "iterations": 1, 
            "std_devs": 2
        }, 
        "fit": "Parabolic", 
        "value": 0.0446968225166564
    }, 
    "Ar37": {
        "error": 0.005060097985397413, 
        "filter_outliers_dict": {
            "filter_outliers": true, 
            "iterations": 1, 
            "std_devs": 2
        }, 
        "fit": "linear", 
        "value": 0.047247347089348656
    }, 
    "Ar38": {
        "error": 0.0022774820742602815, 
        "filter_outliers_dict": {
            "filter_outliers": true, 
            "iterations": 1, 
            "std_devs": 2
        }, 
        "fit": "linear", 
        "value": 1.2284003524872837
    }, 
    "Ar39": {
        "error": 0.015559774981694672, 
        "filter_outliers_dict": {
            "filter_outliers": true, 
            "iterations": 1, 
            "std_devs": 2
        }, 
        "fit": "Parabolic", 
        "value": 95.76406775808846
    }, 
    "Ar40": {
        "error": 0.05261559934076235, 
        "filter_outliers_dict": {
            "filter_outliers": true, 
            "iterations": 1, 
            "std_devs": 2
        }, 
        "fit": "Parabolic", 
        "value": 1193.6443007515036
    }, 
    "Ar41": {
        "error": 0.0037646291446059225, 
        "filter_outliers_dict": {
            "filter_outliers": true, 
            "iterations": 1, 
            "std_devs": 2
        }, 
        "fit": "linear", 
        "value": 0.013432251540369939
    }
}