{
    "Ar36": {
        "error": 0.0004502562434478997, 
        "filter_outliers_dict": {
            "filter_outliers": true, 
            "iterations": 1, 
            "std_devs": 2
        }, 
        "fit": "Parabolic", 
        "value": 0.045643136243956876
    }, 
    "Ar37": {
        "error": 0.00503980432093705, 
        "filter_outliers_dict": {
            "filter_outliers": true, 
            "iterations": 1, 
            "std_devs": 2
        }, 
        "fit": "linear", 
        "value": 0.03411407465826874
    }, 
    "Ar38": {
        "error": 0.00242415520699495, 
        "filter_outliers_dict": {
            "filter_outliers": true, 
            "iterations": 1, 
            "std_devs": 2
        }, 
        "fit": "linear", 
        "value": 1.3180824219967986
    }, 
    "Ar39": {
        "error": 0.016410768058690937, 
        "filter_outliers_dict": {
            "filter_outliers": true, 
            "iterations": 1, 
            "std_devs": 2
        }, 
        "fit": "Parabolic", 
        "value": 96.62064934186213
    }, 
    "Ar40": {
        "error": 0.04733598252763716, 
        "filter_outliers_dict": {
            "filter_outliers": true, 
            "iterations": 1, 
            "std_devs": 2
        }, 
        "fit": "Parabolic", 
        "value": 1200.9761450483893
    }, 
    "Ar41": {
        "error": 0.0033264752234834194, 
        "filter_outliers_dict": {
            "filter_outliers": true, 
            "iterations": 1, 
            "std_devs": 2
        }, 
        "fit": "linear", 
        "value": 0.018895083541564595
    }
}