{
    "Ar36": {
        "error": 0.0004107333799794247, 
        "filter_outliers_dict": {
            "filter_outliers": true, 
            "iterations": 1, 
            "std_devs": 2
        }, 
        "fit": "Parabolic", 
        "value": 0.044106929874721874
    }, 
    "Ar37": {
        "error": 0.005396440202904205, 
        "filter_outliers_dict": {
            "filter_outliers": true, 
            "iterations": 1, 
            "std_devs": 2
        }, 
        "fit": "linear", 
        "value": 0.039828243046654443
    }, 
    "Ar38": {
        "error": 0.0023730569406686278, 
        "filter_outliers_dict": {
            "filter_outliers": true, 
            "iterations": 1, 
            "std_devs": 2
        }, 
        "fit": "linear", 
        "value": 1.2260875048727402
    }, 
    "Ar39": {
        "error": 0.01573031933339991, 
        "filter_outliers_dict": {
            "filter_outliers": true, 
            "iterations": 1, 
            "std_devs": 2
        }, 
        "fit": "Parabolic", 
        "value": 95.73300970257546
    }, 
    "Ar40": {
        "error": 0.046564052197838296, 
        "filter_outliers_dict": {
            "filter_outliers": true, 
            "iterations": 1, 
            "std_devs": 2
        }, 
        "fit": "Parabolic", 
        "value": 1193.928051165975
    }, 
    "Ar41": {
        "error": 0.003217745466955404, 
        "filter_outliers_dict": {
            "filter_outliers": true, 
            "iterations": 1, 
            "std_devs": 2
        }, 
        "fit": "linear", 
        "value": -0.0038377525183474247
    }
}