{
    "Ar36": {
        "error": 0.0003158429881773861, 
        "filter_outliers_dict": {
            "filter_outliers": true, 
            "iterations": 1, 
            "std_devs": 2
        }, 
        "fit": "Parabolic", 
        "value": 0.025258259978461175
    }, 
    "Ar37": {
        "error": 0.005042096739791399, 
        "filter_outliers_dict": {
            "filter_outliers": true, 
            "iterations": 1, 
            "std_devs": 2
        }, 
        "fit": "linear", 
        "value": 0.03303318647097474
    }, 
    "Ar38": {
        "error": 0.0021554263141659023, 
        "filter_outliers_dict": {
            "filter_outliers": true, 
            "iterations": 1, 
            "std_devs": 2
        }, 
        "fit": "linear", 
        "value": 0.748732956459141
    }, 
    "Ar39": {
        "error": 0.01341005443177893, 
        "filter_outliers_dict": {
            "filter_outliers": true, 
            "iterations": 1, 
            "std_devs": 2
        }, 
        "fit": "Parabolic", 
        "value": 59.56818743365262
    }, 
    "Ar40": {
        "error": 0.05349687420822199, 
        "filter_outliers_dict": {
            "filter_outliers": true, 
            "iterations": 1, 
            "std_devs": 2
        }, 
        "fit": "Parabolic", 
        "value": 741.1722788220154
    }, 
    "PM41": {
        "error": 0.0709362561375661, 
        "filter_outliers_dict": {
            "filter_outliers": false, 
            "iterations": 1, 
            "std_devs": 2
        }, 
        "fit": "linear", 
        "value": -0.1559332336601389
    }
}