{
    "Ar36": {
        "error": 0.00042399636877699543, 
        "filter_outliers_dict": {
            "filter_outliers": true, 
            "iterations": 1, 
            "std_devs": 2
        }, 
        "fit": "Parabolic", 
        "value": 0.04432921835601515
    }, 
    "Ar37": {
        "error": 0.005195029698280162, 
        "filter_outliers_dict": {
            "filter_outliers": true, 
            "iterations": 1, 
            "std_devs": 2
        }, 
        "fit": "linear", 
        "value": 0.036789079446351444
    }, 
    "Ar38": {
        "error": 0.002228892808209459, 
        "filter_outliers_dict": {
            "filter_outliers": true, 
            "iterations": 1, 
            "std_devs": 2
        }, 
        "fit": "linear", 
        "value": 1.2229431957706365
    }, 
    "Ar39": {
        "error": 0.01668353049070173, 
        "filter_outliers_dict": {
            "filter_outliers": true, 
            "iterations": 1, 
            "std_devs": 2
        }, 
        "fit": "Parabolic", 
        "value": 95.76151827317166
    }, 
    "Ar40": {
        "error": 0.04342912332221442, 
        "filter_outliers_dict": {
            "filter_outliers": true, 
            "iterations": 1, 
            "std_devs": 2
        }, 
        "fit": "Parabolic", 
        "value": 1194.610084403588
    }, 
    "Ar41": {
        "error": 0.003761798804617851, 
        "filter_outliers_dict": {
            "filter_outliers": true, 
            "iterations": 1, 
            "std_devs": 2
        }, 
        "fit": "linear", 
        "value": 0.0013326750042634266
    }
}