{
    "Ar36": {
        "error": 0.0009028522081922817, 
        "filter_outliers_dict": {
            "filter_outliers": true, 
            "iterations": 1, 
            "std_devs": 2
        }, 
        "fit": "Parabolic", 
        "value": 0.24854966766133468
    }, 
    "Ar37": {
        "error": 0.005023989920757097, 
        "filter_outliers_dict": {
            "filter_outliers": true, 
            "iterations": 1, 
            "std_devs": 2
        }, 
        "fit": "linear", 
        "value": 0.049668044635218775
    }, 
    "Ar38": {
        "error": 0.0023725102668053473, 
        "filter_outliers_dict": {
            "filter_outliers": true, 
            "iterations": 1, 
            "std_devs": 2
        }, 
        "fit": "linear", 
        "value": 1.1278624594575408
    }, 
    "Ar39": {
        "error": 0.014473598847097986, 
        "filter_outliers_dict": {
            "filter_outliers": true, 
            "iterations": 1, 
            "std_devs": 2
        }, 
        "fit": "Parabolic", 
        "value": 85.9853210017755
    }, 
    "Ar40": {
        "error": 0.048619720912908525, 
        "filter_outliers_dict": {
            "filter_outliers": true, 
            "iterations": 1, 
            "std_devs": 2
        }, 
        "fit": "Parabolic", 
        "value": 1135.2975277878672
    }, 
    "Ar41": {
        "error": 0.0037139664051098744, 
        "filter_outliers_dict": {
            "filter_outliers": true, 
            "iterations": 1, 
            "std_devs": 2
        }, 
        "fit": "linear", 
        "value": -0.0256245025661307
    }
}