{
    "Ar36": {
        "error": 0.00043080252170740805, 
        "filter_outliers_dict": {
            "filter_outliers": true, 
            "iterations": 1, 
            "std_devs": 2
        }, 
        "fit": "Parabolic", 
        "value": 0.045216060793233266
    }, 
    "Ar37": {
        "error": 0.005362269454405018, 
        "filter_outliers_dict": {
            "filter_outliers": true, 
            "iterations": 1, 
            "std_devs": 2
        }, 
        "fit": "linear", 
        "value": 0.03190734430936709
    }, 
    "Ar38": {
        "error": 0.002240872455641771, 
        "filter_outliers_dict": {
            "filter_outliers": true, 
            "iterations": 1, 
            "std_devs": 2
        }, 
        "fit": "linear", 
        "value": 1.1339047800044415
    }, 
    "Ar39": {
        "error": 0.015109173096285344, 
        "filter_outliers_dict": {
            "filter_outliers": true, 
            "iterations": 1, 
            "std_devs": 2
        }, 
        "fit": "Parabolic", 
        "value": 90.31091075054074
    }, 
    "Ar40": {
        "error": 0.045724562787861835, 
        "filter_outliers_dict": {
            "filter_outliers": true, 
            "iterations": 1, 
            "std_devs": 2
        }, 
        "fit": "Parabolic", 
        "value": 1126.5471627917013
    }, 
    "Ar41": {
        "error": 0.0036647268797844203, 
        "filter_outliers_dict": {
            "filter_outliers": true, 
            "iterations": 1, 
            "std_devs": 2
        }, 
        "fit": "linear", 
        "value": -0.03314616210884765
    }
}