{
    "AX": {
        "error": 0.0051457367215282926, 
        "filter_outliers_dict": {
            "filter_outliers": true, 
            "iterations": 1, 
            "std_devs": 2
        }, 
        "fit": "average", 
        "value": -0.06247665438023385
    }, 
    "CDD": {
        "error": 2.4468509675711064e-06, 
        "filter_outliers_dict": {
            "filter_outliers": true, 
            "iterations": 1, 
            "std_devs": 10
        }, 
        "fit": "average", 
        "value": 4.956578628250767e-06
    }, 
    "H1": {
        "error": 0.0036293239892931503, 
        "filter_outliers_dict": {
            "filter_outliers": true, 
            "iterations": 1, 
            "std_devs": 2
        }, 
        "fit": "average", 
        "value": 0.073803170913992
    }, 
    "H2": {
        "error": 0.0031249600578920353, 
        "filter_outliers_dict": {
            "filter_outliers": true, 
            "iterations": 1, 
            "std_devs": 2
        }, 
        "fit": "average", 
        "value": 0.053781120588850886
    }, 
    "L1": {
        "error": 0.0018171265423243506, 
        "filter_outliers_dict": {
            "filter_outliers": true, 
            "iterations": 1, 
            "std_devs": 2
        }, 
        "fit": "average", 
        "value": -0.037782985976896506
    }, 
    "L2": {
        "error": 0.004726772079127476, 
        "filter_outliers_dict": {
            "filter_outliers": true, 
            "iterations": 1, 
            "std_devs": 2
        }, 
        "fit": "average", 
        "value": -0.018612430950975714
    }
}