{
    "AX": {
        "error": 0.005232660369914845, 
        "filter_outliers_dict": {
            "filter_outliers": true, 
            "iterations": 1, 
            "std_devs": 2
        }, 
        "fit": "average", 
        "value": -0.03969792240857633
    }, 
    "CDD": {
        "error": 3.2058559425129942e-06, 
        "filter_outliers_dict": {
            "filter_outliers": true, 
            "iterations": 1, 
            "std_devs": 10
        }, 
        "fit": "average", 
        "value": 8.70416834636656e-06
    }, 
    "H1": {
        "error": 0.0034036244093417723, 
        "filter_outliers_dict": {
            "filter_outliers": true, 
            "iterations": 1, 
            "std_devs": 2
        }, 
        "fit": "average", 
        "value": 0.06626108941178928
    }, 
    "H2": {
        "error": 0.0029417557527289615, 
        "filter_outliers_dict": {
            "filter_outliers": true, 
            "iterations": 1, 
            "std_devs": 2
        }, 
        "fit": "average", 
        "value": -0.08992376129758647
    }, 
    "L1": {
        "error": 0.0018033591542800462, 
        "filter_outliers_dict": {
            "filter_outliers": true, 
            "iterations": 1, 
            "std_devs": 2
        }, 
        "fit": "average", 
        "value": -0.027880591994807056
    }, 
    "L2": {
        "error": 0.00483185658893379, 
        "filter_outliers_dict": {
            "filter_outliers": true, 
            "iterations": 1, 
            "std_devs": 2
        }, 
        "fit": "average", 
        "value": -0.030417056827338317
    }
}